embedding_file,algo,k,seed,n_samples,dim,silhouette_euclidean,silhouette_cosine,davies_bouldin,calinski_harabasz
/home/zzz0054/GoldenF/work_alpha_gnn_20260212/task_20260219_gnn_feature_ablation/runs/single_085_090_human_only_20260302_210835/subset090/features/text_structlite_gnn_holdout_subset090.npz,kmeans,10,11,1631,256,0.38730642199516296,0.5588268637657166,0.8305294097394678,1241.9955980371326
/home/zzz0054/GoldenF/work_alpha_gnn_20260212/task_20260219_gnn_feature_ablation/runs/single_085_090_human_only_20260302_210835/subset090/features/text_structlite_gnn_holdout_subset090.npz,kmeans,10,12,1631,256,0.3248225152492523,0.46330392360687256,1.0025116190786645,1219.095323878463
/home/zzz0054/GoldenF/work_alpha_gnn_20260212/task_20260219_gnn_feature_ablation/runs/single_085_090_human_only_20260302_210835/subset090/features/text_structlite_gnn_holdout_subset090.npz,kmeans,10,13,1631,256,0.3021494746208191,0.42605718970298767,1.0524408329779675,1116.3101383927947
/home/zzz0054/GoldenF/work_alpha_gnn_20260212/task_20260219_gnn_feature_ablation/runs/single_085_090_human_only_20260302_210835/subset090/features/text_structlite_gnn_holdout_subset090.npz,kmeans,10,14,1631,256,0.31973952054977417,0.4222905933856964,1.005191131408992,1207.8917344929287
/home/zzz0054/GoldenF/work_alpha_gnn_20260212/task_20260219_gnn_feature_ablation/runs/single_085_090_human_only_20260302_210835/subset090/features/text_structlite_gnn_holdout_subset090.npz,kmeans,10,15,1631,256,0.3340091407299042,0.480518102645874,0.985832437968208,1220.3641930544181
