embedding_file,algo,k,seed,n_samples,dim,silhouette_euclidean,silhouette_cosine,davies_bouldin,calinski_harabasz
/home/zzz0054/GoldenF/work_alpha_gnn_20260212/task_20260219_gnn_feature_ablation/runs/single_085_090_human_only_20260220_233515/subset085/inputs/gnn_old_holdout_subset_085_human.npz,kmeans,10,11,4298,256,0.28905239701271057,0.4410320222377777,1.1468652128374548,1535.9683044558674
/home/zzz0054/GoldenF/work_alpha_gnn_20260212/task_20260219_gnn_feature_ablation/runs/single_085_090_human_only_20260220_233515/subset085/inputs/gnn_old_holdout_subset_085_human.npz,kmeans,10,12,4298,256,0.2879139184951782,0.4385010302066803,1.148402163115922,1492.7755275865875
/home/zzz0054/GoldenF/work_alpha_gnn_20260212/task_20260219_gnn_feature_ablation/runs/single_085_090_human_only_20260220_233515/subset085/inputs/gnn_old_holdout_subset_085_human.npz,kmeans,10,13,4298,256,0.2878127694129944,0.44012781977653503,1.1081043015936216,1487.1956742499215
/home/zzz0054/GoldenF/work_alpha_gnn_20260212/task_20260219_gnn_feature_ablation/runs/single_085_090_human_only_20260220_233515/subset085/inputs/gnn_old_holdout_subset_085_human.npz,kmeans,10,14,4298,256,0.292497843503952,0.4450787603855133,1.1117148376955075,1522.530632523021
/home/zzz0054/GoldenF/work_alpha_gnn_20260212/task_20260219_gnn_feature_ablation/runs/single_085_090_human_only_20260220_233515/subset085/inputs/gnn_old_holdout_subset_085_human.npz,kmeans,10,15,4298,256,0.2889914810657501,0.44071218371391296,1.145127922240545,1535.7606722277717
