embedding_file,algo,k,seed,n_samples,dim,silhouette_euclidean,silhouette_cosine,davies_bouldin,calinski_harabasz
/home/zzz0054/GoldenF/work_alpha_gnn_20260212/task_20260219_gnn_feature_ablation/runs/single_085_090_human_only_20260220_233515/subset085/features/text_structlite_gnn_holdout_subset085.npz,kmeans,10,11,4298,256,0.32639801502227783,0.4261441230773926,1.00698697604616,2209.0333220817215
/home/zzz0054/GoldenF/work_alpha_gnn_20260212/task_20260219_gnn_feature_ablation/runs/single_085_090_human_only_20260220_233515/subset085/features/text_structlite_gnn_holdout_subset085.npz,kmeans,10,12,4298,256,0.32642778754234314,0.42578551173210144,1.0066790936930219,2209.2297167051306
/home/zzz0054/GoldenF/work_alpha_gnn_20260212/task_20260219_gnn_feature_ablation/runs/single_085_090_human_only_20260220_233515/subset085/features/text_structlite_gnn_holdout_subset085.npz,kmeans,10,13,4298,256,0.31140053272247314,0.36939066648483276,1.0981907668605622,2133.6864085890165
/home/zzz0054/GoldenF/work_alpha_gnn_20260212/task_20260219_gnn_feature_ablation/runs/single_085_090_human_only_20260220_233515/subset085/features/text_structlite_gnn_holdout_subset085.npz,kmeans,10,14,4298,256,0.3123379945755005,0.37878742814064026,1.0912471708135874,2130.8489322610753
/home/zzz0054/GoldenF/work_alpha_gnn_20260212/task_20260219_gnn_feature_ablation/runs/single_085_090_human_only_20260220_233515/subset085/features/text_structlite_gnn_holdout_subset085.npz,kmeans,10,15,4298,256,0.3297211825847626,0.4187679886817932,0.9715180125983437,2191.4439060775394
