embedding_file,algo,k,seed,n_samples,dim,silhouette_euclidean,silhouette_cosine,davies_bouldin,calinski_harabasz
/home/zzz0054/GoldenF/work_alpha_gnn_20260212/task_20260219_gnn_feature_ablation/runs/single_085_090_human_only_20260302_210835/subset085/inputs/fusion_subset_085_human.npz,kmeans,10,11,4298,512,0.025818275287747383,0.04639586806297302,4.521943596917668,91.71543957390541
/home/zzz0054/GoldenF/work_alpha_gnn_20260212/task_20260219_gnn_feature_ablation/runs/single_085_090_human_only_20260302_210835/subset085/inputs/fusion_subset_085_human.npz,kmeans,10,12,4298,512,-0.04209979996085167,-0.08461689203977585,4.553810310755013,88.48886828669092
/home/zzz0054/GoldenF/work_alpha_gnn_20260212/task_20260219_gnn_feature_ablation/runs/single_085_090_human_only_20260302_210835/subset085/inputs/fusion_subset_085_human.npz,kmeans,10,13,4298,512,0.019640741869807243,0.034523509442806244,4.717018075062209,92.32162398727066
/home/zzz0054/GoldenF/work_alpha_gnn_20260212/task_20260219_gnn_feature_ablation/runs/single_085_090_human_only_20260302_210835/subset085/inputs/fusion_subset_085_human.npz,kmeans,10,14,4298,512,0.03640979900956154,0.06650493294000626,4.30131278883771,92.5078873103484
/home/zzz0054/GoldenF/work_alpha_gnn_20260212/task_20260219_gnn_feature_ablation/runs/single_085_090_human_only_20260302_210835/subset085/inputs/fusion_subset_085_human.npz,kmeans,10,15,4298,512,0.03451063111424446,0.0630100667476654,4.2734840267622936,91.73634363932891
