embedding_file,algo,k,seed,n_samples,dim,silhouette_euclidean,silhouette_cosine,davies_bouldin,calinski_harabasz
/home/zzz0054/GoldenF/work_alpha_gnn_20260212/task_20260219_gnn_feature_ablation/runs/single_085_090_human_only_20260302_210835/subset085/features/text_structlite_gnn_holdout_subset085.npz,kmeans,10,11,4298,256,0.33417537808418274,0.4121749699115753,0.9682600436101841,2994.0352820665366
/home/zzz0054/GoldenF/work_alpha_gnn_20260212/task_20260219_gnn_feature_ablation/runs/single_085_090_human_only_20260302_210835/subset085/features/text_structlite_gnn_holdout_subset085.npz,kmeans,10,12,4298,256,0.3340664505958557,0.4159421920776367,0.9642789764162994,2994.1513574975575
/home/zzz0054/GoldenF/work_alpha_gnn_20260212/task_20260219_gnn_feature_ablation/runs/single_085_090_human_only_20260302_210835/subset085/features/text_structlite_gnn_holdout_subset085.npz,kmeans,10,13,4298,256,0.3423069715499878,0.3660391569137573,0.9958688755043774,2860.6219434680793
/home/zzz0054/GoldenF/work_alpha_gnn_20260212/task_20260219_gnn_feature_ablation/runs/single_085_090_human_only_20260302_210835/subset085/features/text_structlite_gnn_holdout_subset085.npz,kmeans,10,14,4298,256,0.33560124039649963,0.3527085781097412,0.9575302439158939,2895.5208222852534
/home/zzz0054/GoldenF/work_alpha_gnn_20260212/task_20260219_gnn_feature_ablation/runs/single_085_090_human_only_20260302_210835/subset085/features/text_structlite_gnn_holdout_subset085.npz,kmeans,10,15,4298,256,0.33808866143226624,0.3666740655899048,0.9725878868300295,2912.7730585065624
