embedding_file,algo,k,seed,n_samples,dim,silhouette_euclidean,silhouette_cosine,davies_bouldin,calinski_harabasz
/home/zzz0054/GoldenF/work_alpha_gnn_20260212/task_20260219_gnn_feature_ablation/runs/single_085_090_human_only_20260220_233515/subset090/inputs/fusion_subset_090_human.npz,kmeans,10,11,1631,512,0.03193112835288048,0.05720604211091995,3.908978477140726,44.667488128634204
/home/zzz0054/GoldenF/work_alpha_gnn_20260212/task_20260219_gnn_feature_ablation/runs/single_085_090_human_only_20260220_233515/subset090/inputs/fusion_subset_090_human.npz,kmeans,10,12,1631,512,0.02802593819797039,0.046686116605997086,3.814775199406037,45.02082258861348
/home/zzz0054/GoldenF/work_alpha_gnn_20260212/task_20260219_gnn_feature_ablation/runs/single_085_090_human_only_20260220_233515/subset090/inputs/fusion_subset_090_human.npz,kmeans,10,13,1631,512,0.03296560049057007,0.05817554146051407,4.37732843113988,45.04310224044682
/home/zzz0054/GoldenF/work_alpha_gnn_20260212/task_20260219_gnn_feature_ablation/runs/single_085_090_human_only_20260220_233515/subset090/inputs/fusion_subset_090_human.npz,kmeans,10,14,1631,512,0.03726133704185486,0.06627421826124191,3.8095910390211065,43.7155863277171
/home/zzz0054/GoldenF/work_alpha_gnn_20260212/task_20260219_gnn_feature_ablation/runs/single_085_090_human_only_20260220_233515/subset090/inputs/fusion_subset_090_human.npz,kmeans,10,15,1631,512,0.045087240636348724,0.08113562315702438,3.5227411067016723,41.20648141813443
