embedding_file,algo,k,seed,n_samples,dim,silhouette_euclidean,silhouette_cosine,davies_bouldin,calinski_harabasz
/home/zzz0054/GoldenF/work_alpha_gnn_20260212/task_20260219_gnn_feature_ablation/runs/single_085_090_human_only_20260220_233515/subset090/inputs/gnn_old_holdout_subset_090_human.npz,kmeans,10,11,1631,256,0.3322892487049103,0.4920085072517395,1.089429435023733,768.2652550433218
/home/zzz0054/GoldenF/work_alpha_gnn_20260212/task_20260219_gnn_feature_ablation/runs/single_085_090_human_only_20260220_233515/subset090/inputs/gnn_old_holdout_subset_090_human.npz,kmeans,10,12,1631,256,0.30140605568885803,0.4486745595932007,1.1205288906833017,762.1580095809795
/home/zzz0054/GoldenF/work_alpha_gnn_20260212/task_20260219_gnn_feature_ablation/runs/single_085_090_human_only_20260220_233515/subset090/inputs/gnn_old_holdout_subset_090_human.npz,kmeans,10,13,1631,256,0.30639585852622986,0.4531460404396057,1.1314929920724857,756.81734580288
/home/zzz0054/GoldenF/work_alpha_gnn_20260212/task_20260219_gnn_feature_ablation/runs/single_085_090_human_only_20260220_233515/subset090/inputs/gnn_old_holdout_subset_090_human.npz,kmeans,10,14,1631,256,0.2991141080856323,0.4453579783439636,1.1424652380767202,759.3828100031197
/home/zzz0054/GoldenF/work_alpha_gnn_20260212/task_20260219_gnn_feature_ablation/runs/single_085_090_human_only_20260220_233515/subset090/inputs/gnn_old_holdout_subset_090_human.npz,kmeans,10,15,1631,256,0.3270588517189026,0.4847258925437927,1.0659026368031064,773.176090979106
