embedding_file,algo,k,seed,n_samples,dim,silhouette_euclidean,silhouette_cosine,davies_bouldin,calinski_harabasz
/home/zzz0054/GoldenF/work_alpha_gnn_20260212/task_20260219_gnn_feature_ablation/runs/single_085_090_human_only_20260220_233515/subset090/features/text_structlite_gnn_holdout_subset090.npz,kmeans,10,11,1631,256,0.2882940471172333,0.43579205870628357,1.1297601125446435,832.789111830299
/home/zzz0054/GoldenF/work_alpha_gnn_20260212/task_20260219_gnn_feature_ablation/runs/single_085_090_human_only_20260220_233515/subset090/features/text_structlite_gnn_holdout_subset090.npz,kmeans,10,12,1631,256,0.3345755636692047,0.43317216634750366,0.9738188042701221,931.8871118664721
/home/zzz0054/GoldenF/work_alpha_gnn_20260212/task_20260219_gnn_feature_ablation/runs/single_085_090_human_only_20260220_233515/subset090/features/text_structlite_gnn_holdout_subset090.npz,kmeans,10,13,1631,256,0.342002272605896,0.39298468828201294,0.9256595813807207,887.7834711242093
/home/zzz0054/GoldenF/work_alpha_gnn_20260212/task_20260219_gnn_feature_ablation/runs/single_085_090_human_only_20260220_233515/subset090/features/text_structlite_gnn_holdout_subset090.npz,kmeans,10,14,1631,256,0.2921781837940216,0.38599058985710144,1.1239791144741051,845.9581643500748
/home/zzz0054/GoldenF/work_alpha_gnn_20260212/task_20260219_gnn_feature_ablation/runs/single_085_090_human_only_20260220_233515/subset090/features/text_structlite_gnn_holdout_subset090.npz,kmeans,10,15,1631,256,0.28585517406463623,0.4474870562553406,1.1249349660801262,811.3223122680355
